estacion,dia,num_lineas,num_conexiones,pasajeros_pico_manana,pasajeros_valle,pasajeros_pico_tarde,pasajeros_noche,pasajeros_total,proporcion_pico,arquetipo_simulado
Av Jimenez,1,2,2,4544,4972,4385,1461,15362,0.5812,transbordo
Av Jimenez,2,2,2,5788,7310,7758,2013,22869,0.5923,transbordo
Av Jimenez,3,2,2,6647,5971,7678,1788,22084,0.6487,transbordo
Av Jimenez,4,2,2,6398,5492,5832,1946,19668,0.6218,transbordo
Av Jimenez,5,2,2,6623,5647,7546,2094,21910,0.6467,transbordo
Av Jimenez,6,2,2,6689,4974,7289,1571,20523,0.6811,transbordo
Av Jimenez,7,2,2,5921,5858,6674,1767,20220,0.6229,transbordo
Av Jimenez,8,2,2,6225,6129,6647,1933,20934,0.6149,transbordo
Av Jimenez,9,2,2,6392,6503,7453,2355,22703,0.6098,transbordo
Av Jimenez,10,2,2,5975,5680,6879,2091,20625,0.6232,transbordo
Av Jimenez,11,2,2,6067,6536,4793,1590,18986,0.572,transbordo
Av Jimenez,12,2,2,6439,5993,6540,2024,20996,0.6182,transbordo
Av Jimenez,13,2,2,5891,7303,7103,1801,22098,0.588,transbordo
Av Jimenez,14,2,2,5850,5622,4803,1746,18021,0.5911,transbordo
Av Jimenez,15,2,2,5877,6248,8045,2216,22386,0.6219,transbordo
Av Jimenez,16,2,2,5765,6334,7405,2264,21768,0.605,transbordo
Av Jimenez,17,2,2,4906,7028,6329,2197,20460,0.5491,transbordo
Av Jimenez,18,2,2,5234,5442,5591,1608,17875,0.6056,transbordo
Av Jimenez,19,2,2,6619,6115,8308,2212,23254,0.6419,transbordo
Av Jimenez,20,2,2,7479,4910,7068,1752,21209,0.6859,transbordo
Av Jimenez,21,2,2,6557,5918,7192,1592,21259,0.6467,transbordo
Av Jimenez,22,2,2,5448,4384,5083,1343,16258,0.6477,transbordo
Av Jimenez,23,2,2,7319,7386,6812,2089,23606,0.5986,transbordo
Av Jimenez,24,2,2,5766,5867,5385,1899,18917,0.5895,transbordo
Av Jimenez,25,2,2,6524,5040,8362,2018,21944,0.6784,transbordo
Av Jimenez,26,2,2,5908,5590,7209,1565,20272,0.6471,transbordo
Av Jimenez,27,2,2,7734,7287,7295,1911,24227,0.6203,transbordo
Av Jimenez,28,2,2,6738,6374,8398,1989,23499,0.6441,transbordo
Av Jimenez,29,2,2,4476,3585,5560,1474,15095,0.6649,transbordo
Av Jimenez,30,2,2,5670,5811,6313,1972,19766,0.6062,transbordo
Av Jimenez,31,2,2,6633,6526,7698,1719,22576,0.6348,transbordo
Av Jimenez,32,2,2,5343,5543,5834,2233,18953,0.5897,transbordo
Av Jimenez,33,2,2,5294,4914,5833,1530,17571,0.6333,transbordo
Av Jimenez,34,2,2,7295,5873,7190,2088,22446,0.6453,transbordo
Av Jimenez,35,2,2,5179,5290,7242,1518,19229,0.646,transbordo
Av Jimenez,36,2,2,6256,5798,6277,1884,20215,0.62,transbordo
Av Jimenez,37,2,2,5421,4900,6349,2059,18729,0.6284,transbordo
Av Jimenez,38,2,2,5189,4975,5330,1729,17223,0.6108,transbordo
Av Jimenez,39,2,2,5526,3850,6077,1531,16984,0.6832,transbordo
Av Jimenez,40,2,2,5224,4477,4177,1363,15241,0.6168,transbordo
Av Jimenez,41,2,2,5936,6339,7379,2035,21689,0.6139,transbordo
Av Jimenez,42,2,2,7075,6290,7200,1516,22081,0.6465,transbordo
Av Jimenez,43,2,2,7450,6041,6928,2413,22832,0.6297,transbordo
Av Jimenez,44,2,2,5216,5851,4988,1634,17689,0.5769,transbordo
Av Jimenez,45,2,2,7099,7173,8646,2004,24922,0.6318,transbordo
Av Jimenez,46,2,2,6167,6131,6589,1802,20689,0.6166,transbordo
Av Jimenez,47,2,2,5236,5591,6055,1524,18406,0.6134,transbordo
Av Jimenez,48,2,2,7013,5830,6500,1258,20601,0.6559,transbordo
Av Jimenez,49,2,2,6730,7091,7389,1956,23166,0.6095,transbordo
Av Jimenez,50,2,2,5124,6634,7248,1814,20820,0.5942,transbordo
Av Jimenez,51,2,2,8086,5564,7053,2161,22864,0.6621,transbordo
Av Jimenez,52,2,2,5911,5252,8235,2084,21482,0.6585,transbordo
Av Jimenez,53,2,2,4607,5889,6456,1930,18882,0.5859,transbordo
Av Jimenez,54,2,2,5965,6338,5654,1855,19812,0.5865,transbordo
Av Jimenez,55,2,2,6324,5267,6550,1928,20069,0.6415,transbordo
Av Jimenez,56,2,2,6673,6053,6699,2076,21501,0.6219,transbordo
Av Jimenez,57,2,2,5573,5383,6704,1843,19503,0.6295,transbordo
Av Jimenez,58,2,2,6140,5906,6685,1646,20377,0.6294,transbordo
Av Jimenez,59,2,2,6964,6214,6821,2019,22018,0.6261,transbordo
Av Jimenez,60,2,2,4426,5193,5466,1799,16884,0.5859,transbordo
Banderas,1,1,2,1102,1081,2067,691,4941,0.6414,intermedia
Banderas,2,1,2,1337,1229,1814,708,5088,0.6193,intermedia
Banderas,3,1,2,2062,1551,2436,1079,7128,0.631,intermedia
Banderas,4,1,2,2029,1324,2164,949,6466,0.6485,intermedia
Banderas,5,1,2,1802,1392,2119,766,6079,0.645,intermedia
Banderas,6,1,2,2366,1662,2535,1274,7837,0.6254,intermedia
Banderas,7,1,2,1761,1435,1934,688,5818,0.6351,intermedia
Banderas,8,1,2,1770,1535,2199,823,6327,0.6273,intermedia
Banderas,9,1,2,1919,1499,2185,854,6457,0.6356,intermedia
Banderas,10,1,2,1603,1355,2140,735,5833,0.6417,intermedia
Banderas,11,1,2,1282,1206,2024,815,5327,0.6206,intermedia
Banderas,12,1,2,1629,1155,2355,843,5982,0.666,intermedia
Banderas,13,1,2,1697,1474,1817,964,5952,0.5904,intermedia
Banderas,14,1,2,1486,1472,2327,726,6011,0.6343,intermedia
Banderas,15,1,2,1225,1037,1407,661,4330,0.6079,intermedia
Banderas,16,1,2,1828,1485,2360,922,6595,0.635,intermedia
Banderas,17,1,2,1384,1051,1552,695,4682,0.6271,intermedia
Banderas,18,1,2,1761,1139,1755,805,5460,0.644,intermedia
Banderas,19,1,2,1593,1318,1813,845,5569,0.6116,intermedia
Banderas,20,1,2,1721,1307,2037,607,5672,0.6626,intermedia
Banderas,21,1,2,1518,1037,1841,738,5134,0.6543,intermedia
Banderas,22,1,2,1410,1130,1805,738,5083,0.6325,intermedia
Banderas,23,1,2,1529,1329,1982,862,5702,0.6157,intermedia
Banderas,24,1,2,1602,1205,1984,768,5559,0.6451,intermedia
Banderas,25,1,2,1473,1144,1798,754,5169,0.6328,intermedia
Banderas,26,1,2,1982,1256,2131,782,6151,0.6687,intermedia
Banderas,27,1,2,1421,1391,2280,950,6042,0.6125,intermedia
Banderas,28,1,2,2136,1884,2659,1089,7768,0.6173,intermedia
Banderas,29,1,2,1735,1495,1877,947,6054,0.5966,intermedia
Banderas,30,1,2,1544,1474,1758,725,5501,0.6003,intermedia
Banderas,31,1,2,1877,1389,2293,952,6511,0.6405,intermedia
Banderas,32,1,2,1658,1704,2502,865,6729,0.6182,intermedia
Banderas,33,1,2,1649,1586,1911,884,6030,0.5904,intermedia
Banderas,34,1,2,1486,1381,2160,767,5794,0.6293,intermedia
Banderas,35,1,2,1691,1255,1924,866,5736,0.6302,intermedia
Banderas,36,1,2,1770,1851,2229,968,6818,0.5865,intermedia
Banderas,37,1,2,1562,1044,2207,857,5670,0.6647,intermedia
Banderas,38,1,2,1252,996,1965,676,4889,0.658,intermedia
Banderas,39,1,2,1615,1329,1773,803,5520,0.6138,intermedia
Banderas,40,1,2,1426,1195,1794,674,5089,0.6327,intermedia
Banderas,41,1,2,1550,1171,2106,790,5617,0.6509,intermedia
Banderas,42,1,2,1580,1244,1793,769,5386,0.6263,intermedia
Banderas,43,1,2,1816,1473,2494,771,6554,0.6576,intermedia
Banderas,44,1,2,2149,1102,1900,821,5972,0.678,intermedia
Banderas,45,1,2,1773,1342,2107,823,6045,0.6419,intermedia
Banderas,46,1,2,1465,1329,2156,779,5729,0.632,intermedia
Banderas,47,1,2,1596,1133,1907,776,5412,0.6473,intermedia
Banderas,48,1,2,1817,1380,1772,828,5797,0.6191,intermedia
Banderas,49,1,2,1661,1401,2250,769,6081,0.6432,intermedia
Banderas,50,1,2,2117,1360,2161,845,6483,0.6599,intermedia
Banderas,51,1,2,1997,1702,2151,929,6779,0.6119,intermedia
Banderas,52,1,2,1378,1547,2180,664,5769,0.6167,intermedia
Banderas,53,1,2,1779,1519,2230,736,6264,0.64,intermedia
Banderas,54,1,2,1887,1249,1759,682,5577,0.6538,intermedia
Banderas,55,1,2,1522,1389,1833,725,5469,0.6135,intermedia
Banderas,56,1,2,1945,1544,2579,1040,7108,0.6365,intermedia
Banderas,57,1,2,1331,1251,1843,630,5055,0.6279,intermedia
Banderas,58,1,2,1554,1387,1939,783,5663,0.6168,intermedia
Banderas,59,1,2,1788,1487,1860,843,5978,0.6102,intermedia
Banderas,60,1,2,1561,1345,2130,716,5752,0.6417,intermedia
Calle 100,1,1,2,1337,1002,1684,826,4849,0.623,intermedia
Calle 100,2,1,2,1215,988,1764,949,4916,0.606,intermedia
Calle 100,3,1,2,1359,1092,1504,883,4838,0.5918,intermedia
Calle 100,4,1,2,1038,999,1550,740,4327,0.5981,intermedia
Calle 100,5,1,2,1272,1261,2037,856,5426,0.6098,intermedia
Calle 100,6,1,2,1528,1472,2132,1216,6348,0.5766,intermedia
Calle 100,7,1,2,914,1104,1603,830,4451,0.5655,intermedia
Calle 100,8,1,2,1703,1539,2339,1168,6749,0.5989,intermedia
Calle 100,9,1,2,1350,1334,1295,1125,5104,0.5182,intermedia
Calle 100,10,1,2,1389,1390,1630,837,5246,0.5755,intermedia
Calle 100,11,1,2,1150,1057,1713,851,4771,0.6001,intermedia
Calle 100,12,1,2,1307,1305,1790,885,5287,0.5858,intermedia
Calle 100,13,1,2,1387,1121,2070,996,5574,0.6202,intermedia
Calle 100,14,1,2,1323,1111,1292,937,4663,0.5608,intermedia
Calle 100,15,1,2,1487,1252,1725,779,5243,0.6126,intermedia
Calle 100,16,1,2,1454,1266,1924,986,5630,0.6,intermedia
Calle 100,17,1,2,1358,1264,1422,912,4956,0.5609,intermedia
Calle 100,18,1,2,1599,1222,1787,1103,5711,0.5929,intermedia
Calle 100,19,1,2,1372,1342,1646,969,5329,0.5663,intermedia
Calle 100,20,1,2,1253,1095,1592,922,4862,0.5852,intermedia
Calle 100,21,1,2,1528,1387,2204,989,6108,0.611,intermedia
Calle 100,22,1,2,1466,1212,1873,791,5342,0.625,intermedia
Calle 100,23,1,2,1202,1189,1722,921,5034,0.5809,intermedia
Calle 100,24,1,2,1446,1239,1940,1122,5747,0.5892,intermedia
Calle 100,25,1,2,1370,1336,1741,778,5225,0.5954,intermedia
Calle 100,26,1,2,2015,1189,2108,1161,6473,0.637,intermedia
Calle 100,27,1,2,1546,1267,1662,988,5463,0.5872,intermedia
Calle 100,28,1,2,1299,1176,1865,793,5133,0.6164,intermedia
Calle 100,29,1,2,1230,1209,1534,792,4765,0.5801,intermedia
Calle 100,30,1,2,1263,1065,1629,921,4878,0.5929,intermedia
Calle 100,31,1,2,1730,1225,1816,750,5521,0.6423,intermedia
Calle 100,32,1,2,1458,1409,2122,917,5906,0.6062,intermedia
Calle 100,33,1,2,1379,1016,1825,1045,5265,0.6085,intermedia
Calle 100,34,1,2,1161,986,1443,757,4347,0.599,intermedia
Calle 100,35,1,2,1460,1460,1837,1082,5839,0.5647,intermedia
Calle 100,36,1,2,1200,1280,1626,806,4912,0.5753,intermedia
Calle 100,37,1,2,1077,1072,1641,824,4614,0.5891,intermedia
Calle 100,38,1,2,1384,1419,1713,887,5403,0.5732,intermedia
Calle 100,39,1,2,1447,1257,1738,946,5388,0.5911,intermedia
Calle 100,40,1,2,1453,1109,1877,965,5404,0.6162,intermedia
Calle 100,41,1,2,1281,1039,1474,867,4661,0.5911,intermedia
Calle 100,42,1,2,1392,1404,1750,1244,5790,0.5427,intermedia
Calle 100,43,1,2,1406,1056,1741,1036,5239,0.6007,intermedia
Calle 100,44,1,2,942,930,1252,621,3745,0.5858,intermedia
Calle 100,45,1,2,1618,1206,2235,897,5956,0.6469,intermedia
Calle 100,46,1,2,1388,1344,2128,1006,5866,0.5994,intermedia
Calle 100,47,1,2,944,1144,1567,705,4360,0.5759,intermedia
Calle 100,48,1,2,1506,1374,1424,939,5243,0.5588,intermedia
Calle 100,49,1,2,1546,1409,1393,989,5337,0.5507,intermedia
Calle 100,50,1,2,1740,1127,1719,939,5525,0.6261,intermedia
Calle 100,51,1,2,1374,1442,1699,997,5512,0.5575,intermedia
Calle 100,52,1,2,1271,1047,1348,937,4603,0.569,intermedia
Calle 100,53,1,2,1285,1249,1919,829,5282,0.6066,intermedia
Calle 100,54,1,2,1377,1237,1619,696,4929,0.6078,intermedia
Calle 100,55,1,2,1534,1337,1852,1029,5752,0.5887,intermedia
Calle 100,56,1,2,1135,1053,1525,802,4515,0.5891,intermedia
Calle 100,57,1,2,1242,913,1597,709,4461,0.6364,intermedia
Calle 100,58,1,2,1556,1255,1626,928,5365,0.5931,intermedia
Calle 100,59,1,2,1108,1132,1747,863,4850,0.5887,intermedia
Calle 100,60,1,2,1429,1289,1862,952,5532,0.5949,intermedia
Calle 146,1,1,2,1386,1365,1901,815,5467,0.6012,intermedia
Calle 146,2,1,2,1143,1193,1510,705,4551,0.5829,intermedia
Calle 146,3,1,2,1478,1835,1571,880,5764,0.529,intermedia
Calle 146,4,1,2,1283,1495,1239,707,4724,0.5339,intermedia
Calle 146,5,1,2,1458,1604,1649,975,5686,0.5464,intermedia
Calle 146,6,1,2,1486,1411,2230,843,5970,0.6224,intermedia
Calle 146,7,1,2,1387,1145,2060,891,5483,0.6287,intermedia
Calle 146,8,1,2,1403,1549,2308,932,6192,0.5993,intermedia
Calle 146,9,1,2,1927,1477,1836,1043,6283,0.5989,intermedia
Calle 146,10,1,2,1800,1802,2186,915,6703,0.5947,intermedia
Calle 146,11,1,2,1415,1288,1981,1162,5846,0.5809,intermedia
Calle 146,12,1,2,1588,1598,2466,942,6594,0.6148,intermedia
Calle 146,13,1,2,1604,1457,2585,910,6556,0.639,intermedia
Calle 146,14,1,2,1459,1431,2133,813,5836,0.6155,intermedia
Calle 146,15,1,2,908,1029,1523,695,4155,0.5851,intermedia
Calle 146,16,1,2,1517,1471,1871,798,5657,0.5989,intermedia
Calle 146,17,1,2,1107,1194,1677,665,4643,0.5996,intermedia
Calle 146,18,1,2,1536,1422,2132,888,5978,0.6136,intermedia
Calle 146,19,1,2,1651,1391,1990,802,5834,0.6241,intermedia
Calle 146,20,1,2,1520,1564,1864,831,5779,0.5856,intermedia
Calle 146,21,1,2,1727,1810,1973,894,6404,0.5778,intermedia
Calle 146,22,1,2,1709,1526,1931,861,6027,0.6039,intermedia
Calle 146,23,1,2,1220,1552,1769,799,5340,0.5597,intermedia
Calle 146,24,1,2,1945,1817,2308,1082,7152,0.5947,intermedia
Calle 146,25,1,2,1765,1892,2372,1044,7073,0.5849,intermedia
Calle 146,26,1,2,1461,1600,1697,832,5590,0.5649,intermedia
Calle 146,27,1,2,1380,1434,2233,1050,6097,0.5926,intermedia
Calle 146,28,1,2,1569,1298,2563,915,6345,0.6512,intermedia
Calle 146,29,1,2,1265,1432,1793,857,5347,0.5719,intermedia
Calle 146,30,1,2,1501,1555,1935,1022,6013,0.5714,intermedia
Calle 146,31,1,2,1093,1325,1745,718,4881,0.5814,intermedia
Calle 146,32,1,2,1419,1229,1923,942,5513,0.6062,intermedia
Calle 146,33,1,2,1504,1564,2133,908,6109,0.5954,intermedia
Calle 146,34,1,2,1520,1178,2165,835,5698,0.6467,intermedia
Calle 146,35,1,2,1430,1562,2622,815,6429,0.6303,intermedia
Calle 146,36,1,2,1090,975,1457,786,4308,0.5912,intermedia
Calle 146,37,1,2,1088,1152,2009,738,4987,0.621,intermedia
Calle 146,38,1,2,1423,1581,2325,908,6237,0.6009,intermedia
Calle 146,39,1,2,1477,1730,2343,840,6390,0.5978,intermedia
Calle 146,40,1,2,1538,1519,2008,775,5840,0.6072,intermedia
Calle 146,41,1,2,1144,1535,2016,711,5406,0.5845,intermedia
Calle 146,42,1,2,1774,1332,2728,1052,6886,0.6538,intermedia
Calle 146,43,1,2,1512,1836,2542,1052,6942,0.584,intermedia
Calle 146,44,1,2,1607,1250,1800,748,5405,0.6303,intermedia
Calle 146,45,1,2,1268,1415,1959,809,5451,0.592,intermedia
Calle 146,46,1,2,1274,1476,2028,804,5582,0.5915,intermedia
Calle 146,47,1,2,1598,1315,2083,922,5918,0.622,intermedia
Calle 146,48,1,2,1506,1250,2167,848,5771,0.6365,intermedia
Calle 146,49,1,2,1283,1107,1918,670,4978,0.643,intermedia
Calle 146,50,1,2,1446,1374,2039,794,5653,0.6165,intermedia
Calle 146,51,1,2,1526,1575,1563,1018,5682,0.5436,intermedia
Calle 146,52,1,2,1178,1464,2122,949,5713,0.5776,intermedia
Calle 146,53,1,2,1472,1268,2234,751,5725,0.6473,intermedia
Calle 146,54,1,2,1471,1371,2395,995,6232,0.6203,intermedia
Calle 146,55,1,2,1791,1572,1944,922,6229,0.5996,intermedia
Calle 146,56,1,2,1224,1426,1946,775,5371,0.5902,intermedia
Calle 146,57,1,2,1433,1501,2211,952,6097,0.5977,intermedia
Calle 146,58,1,2,1131,1538,1904,884,5457,0.5562,intermedia
Calle 146,59,1,2,1155,1211,1445,677,4488,0.5793,intermedia
Calle 146,60,1,2,1699,1797,1980,788,6264,0.5873,intermedia
Calle 72,1,1,2,1838,1156,1618,795,5407,0.6392,intermedia
Calle 72,2,1,2,1819,1106,1967,816,5708,0.6633,intermedia
Calle 72,3,1,2,1230,1051,1750,663,4694,0.6349,intermedia
Calle 72,4,1,2,1637,1164,1867,807,5475,0.64,intermedia
Calle 72,5,1,2,1805,1507,2365,877,6554,0.6363,intermedia
Calle 72,6,1,2,1990,1120,1852,663,5625,0.683,intermedia
Calle 72,7,1,2,1897,1189,1931,719,5736,0.6674,intermedia
Calle 72,8,1,2,1392,1211,1725,634,4962,0.6282,intermedia
Calle 72,9,1,2,1355,1082,1809,560,4806,0.6583,intermedia
Calle 72,10,1,2,1900,1109,1645,709,5363,0.661,intermedia
Calle 72,11,1,2,1547,973,1320,672,4512,0.6354,intermedia
Calle 72,12,1,2,1474,802,1393,543,4212,0.6807,intermedia
Calle 72,13,1,2,1706,1106,1773,684,5269,0.6603,intermedia
Calle 72,14,1,2,1279,861,1349,623,4112,0.6391,intermedia
Calle 72,15,1,2,1374,894,1300,688,4256,0.6283,intermedia
Calle 72,16,1,2,1841,1102,1462,808,5213,0.6336,intermedia
Calle 72,17,1,2,1844,1321,2277,875,6317,0.6524,intermedia
Calle 72,18,1,2,1687,1110,1431,643,4871,0.6401,intermedia
Calle 72,19,1,2,1354,978,1355,477,4164,0.6506,intermedia
Calle 72,20,1,2,1872,1397,1734,876,5879,0.6134,intermedia
Calle 72,21,1,2,2315,1274,2193,833,6615,0.6815,intermedia
Calle 72,22,1,2,1939,1196,1681,828,5644,0.6414,intermedia
Calle 72,23,1,2,1618,1054,1959,744,5375,0.6655,intermedia
Calle 72,24,1,2,1578,1211,1598,698,5085,0.6246,intermedia
Calle 72,25,1,2,2012,1269,1718,686,5685,0.6561,intermedia
Calle 72,26,1,2,1700,1386,1656,800,5542,0.6056,intermedia
Calle 72,27,1,2,1432,1066,1937,718,5153,0.6538,intermedia
Calle 72,28,1,2,1646,975,1823,646,5090,0.6815,intermedia
Calle 72,29,1,2,1591,961,1720,769,5041,0.6568,intermedia
Calle 72,30,1,2,1578,1160,1709,779,5226,0.629,intermedia
Calle 72,31,1,2,1478,891,1419,719,4507,0.6428,intermedia
Calle 72,32,1,2,1718,1051,1853,579,5201,0.6866,intermedia
Calle 72,33,1,2,2049,1193,1955,978,6175,0.6484,intermedia
Calle 72,34,1,2,1557,1028,1880,737,5202,0.6607,intermedia
Calle 72,35,1,2,1905,1061,1885,818,5669,0.6685,intermedia
Calle 72,36,1,2,1586,1147,1375,561,4669,0.6342,intermedia
Calle 72,37,1,2,1167,1009,1291,660,4127,0.5956,intermedia
Calle 72,38,1,2,1534,1195,1637,866,5232,0.6061,intermedia
Calle 72,39,1,2,1440,1004,1728,627,4799,0.6601,intermedia
Calle 72,40,1,2,1512,1092,1564,707,4875,0.631,intermedia
Calle 72,41,1,2,1225,1036,1438,494,4193,0.6351,intermedia
Calle 72,42,1,2,1479,923,1680,772,4854,0.6508,intermedia
Calle 72,43,1,2,1642,1015,1638,826,5121,0.6405,intermedia
Calle 72,44,1,2,1480,871,1564,896,4811,0.6327,intermedia
Calle 72,45,1,2,1402,974,1541,603,4520,0.6511,intermedia
Calle 72,46,1,2,1233,1087,1410,656,4386,0.6026,intermedia
Calle 72,47,1,2,1290,918,1621,517,4346,0.6698,intermedia
Calle 72,48,1,2,1757,1058,1963,676,5454,0.6821,intermedia
Calle 72,49,1,2,1467,723,1610,581,4381,0.7024,intermedia
Calle 72,50,1,2,1305,990,1449,674,4418,0.6234,intermedia
Calle 72,51,1,2,1226,1101,1626,678,4631,0.6158,intermedia
Calle 72,52,1,2,1583,1014,1728,645,4970,0.6662,intermedia
Calle 72,53,1,2,1673,1091,1689,877,5330,0.6308,intermedia
Calle 72,54,1,2,1325,904,1565,567,4361,0.6627,intermedia
Calle 72,55,1,2,1453,989,1552,683,4677,0.6425,intermedia
Calle 72,56,1,2,1541,1054,1745,522,4862,0.6759,intermedia
Calle 72,57,1,2,1391,1099,1410,616,4516,0.6202,intermedia
Calle 72,58,1,2,1498,1150,1641,746,5035,0.6234,intermedia
Calle 72,59,1,2,1116,1032,1575,627,4350,0.6186,intermedia
Calle 72,60,1,2,1695,958,1960,672,5285,0.6916,intermedia
Calle 85,1,2,3,6284,5323,6712,2360,20679,0.6285,transbordo
Calle 85,2,2,3,5372,6099,6623,1800,19894,0.6029,transbordo
Calle 85,3,2,3,5811,7024,7117,2317,22269,0.5805,transbordo
Calle 85,4,2,3,7842,7882,8385,2310,26419,0.6142,transbordo
Calle 85,5,2,3,5181,5912,6470,2215,19778,0.5891,transbordo
Calle 85,6,2,3,5707,5141,7348,1949,20145,0.6481,transbordo
Calle 85,7,2,3,4480,4171,6607,1709,16967,0.6534,transbordo
Calle 85,8,2,3,7112,7483,10097,2461,27153,0.6338,transbordo
Calle 85,9,2,3,5551,5767,8199,2159,21676,0.6343,transbordo
Calle 85,10,2,3,6412,7095,7493,2480,23480,0.5922,transbordo
Calle 85,11,2,3,5156,5766,6888,1505,19315,0.6236,transbordo
Calle 85,12,2,3,5840,6188,6748,2388,21164,0.5948,transbordo
Calle 85,13,2,3,6213,6498,7892,2812,23415,0.6024,transbordo
Calle 85,14,2,3,5902,5451,7198,2376,20927,0.626,transbordo
Calle 85,15,2,3,6551,6669,7898,1859,22977,0.6288,transbordo
Calle 85,16,2,3,5514,7286,6343,1838,20981,0.5651,transbordo
Calle 85,17,2,3,5389,6697,7221,1753,21060,0.5988,transbordo
Calle 85,18,2,3,6531,5186,8809,2152,22678,0.6764,transbordo
Calle 85,19,2,3,4967,6029,7282,2301,20579,0.5952,transbordo
Calle 85,20,2,3,4415,4109,5845,1705,16074,0.6383,transbordo
Calle 85,21,2,3,4436,5275,6755,1711,18177,0.6157,transbordo
Calle 85,22,2,3,4851,5306,6348,1899,18404,0.6085,transbordo
Calle 85,23,2,3,6583,6180,6230,2217,21210,0.6041,transbordo
Calle 85,24,2,3,6272,6133,6242,1897,20544,0.6091,transbordo
Calle 85,25,2,3,5691,5718,7802,2158,21369,0.6314,transbordo
Calle 85,26,2,3,6409,7306,6814,2248,22777,0.5805,transbordo
Calle 85,27,2,3,5465,5538,6474,1908,19385,0.6159,transbordo
Calle 85,28,2,3,6291,6554,7095,1818,21758,0.6152,transbordo
Calle 85,29,2,3,4967,5469,6468,2317,19221,0.5949,transbordo
Calle 85,30,2,3,6497,5870,6930,1988,21285,0.6308,transbordo
Calle 85,31,2,3,5181,7145,6745,2180,21251,0.5612,transbordo
Calle 85,32,2,3,4343,4755,5477,1568,16143,0.6083,transbordo
Calle 85,33,2,3,5924,5032,6695,1519,19170,0.6583,transbordo
Calle 85,34,2,3,6212,6291,6841,1932,21276,0.6135,transbordo
Calle 85,35,2,3,7880,7110,9377,1923,26290,0.6564,transbordo
Calle 85,36,2,3,4352,4443,5339,1586,15720,0.6165,transbordo
Calle 85,37,2,3,6898,7903,9387,2506,26694,0.6101,transbordo
Calle 85,38,2,3,7299,5778,7790,2054,22921,0.6583,transbordo
Calle 85,39,2,3,4973,5153,5580,2104,17810,0.5925,transbordo
Calle 85,40,2,3,5822,4697,6880,1819,19218,0.6609,transbordo
Calle 85,41,2,3,4423,5545,6349,1654,17971,0.5994,transbordo
Calle 85,42,2,3,5603,6393,7403,2142,21541,0.6038,transbordo
Calle 85,43,2,3,5550,5914,6514,2345,20323,0.5936,transbordo
Calle 85,44,2,3,6218,7802,8408,1714,24142,0.6058,transbordo
Calle 85,45,2,3,6573,7674,8487,2224,24958,0.6034,transbordo
Calle 85,46,2,3,4567,5470,6500,1529,18066,0.6126,transbordo
Calle 85,47,2,3,5234,5840,6970,1803,19847,0.6149,transbordo
Calle 85,48,2,3,5587,6135,6080,1865,19667,0.5932,transbordo
Calle 85,49,2,3,6313,6609,6765,2132,21819,0.5994,transbordo
Calle 85,50,2,3,5684,7954,9335,2513,25486,0.5893,transbordo
Calle 85,51,2,3,7304,6993,7903,2126,24326,0.6251,transbordo
Calle 85,52,2,3,5718,6517,5661,2404,20300,0.5605,transbordo
Calle 85,53,2,3,6943,7913,9019,2435,26310,0.6067,transbordo
Calle 85,54,2,3,5484,5424,6989,1885,19782,0.6305,transbordo
Calle 85,55,2,3,5352,6255,7272,2112,20991,0.6014,transbordo
Calle 85,56,2,3,5280,5926,6641,1661,19508,0.6111,transbordo
Calle 85,57,2,3,5265,6159,7704,1806,20934,0.6195,transbordo
Calle 85,58,2,3,5506,5765,5966,1673,18910,0.6067,transbordo
Calle 85,59,2,3,5990,5263,6235,2006,19494,0.6271,transbordo
Calle 85,60,2,3,5030,5484,6085,1521,18120,0.6134,transbordo
Heroes,1,1,2,1403,1237,1480,719,4839,0.5958,intermedia
Heroes,2,1,2,1194,1003,1483,510,4190,0.6389,intermedia
Heroes,3,1,2,1453,1363,2012,660,5488,0.6314,intermedia
Heroes,4,1,2,1383,1379,1903,684,5349,0.6143,intermedia
Heroes,5,1,2,1347,1190,1598,625,4760,0.6187,intermedia
Heroes,6,1,2,1112,1123,1165,593,3993,0.5702,intermedia
Heroes,7,1,2,1867,1591,1867,680,6005,0.6218,intermedia
Heroes,8,1,2,1416,1186,1720,636,4958,0.6325,intermedia
Heroes,9,1,2,1551,1226,1962,694,5433,0.6466,intermedia
Heroes,10,1,2,1442,1138,1859,668,5107,0.6464,intermedia
Heroes,11,1,2,1229,1059,1385,645,4318,0.6054,intermedia
Heroes,12,1,2,1354,1079,1267,579,4279,0.6125,intermedia
Heroes,13,1,2,1519,1139,1659,538,4855,0.6546,intermedia
Heroes,14,1,2,1404,1185,1447,547,4583,0.6221,intermedia
Heroes,15,1,2,1280,1227,1922,770,5199,0.6159,intermedia
Heroes,16,1,2,1062,1236,1480,532,4310,0.5898,intermedia
Heroes,17,1,2,1601,896,1815,704,5016,0.681,intermedia
Heroes,18,1,2,1245,783,1433,537,3998,0.6698,intermedia
Heroes,19,1,2,1680,1476,2200,748,6104,0.6356,intermedia
Heroes,20,1,2,1307,1111,1347,636,4401,0.603,intermedia
Heroes,21,1,2,1551,1485,1657,778,5471,0.5864,intermedia
Heroes,22,1,2,1485,918,1567,606,4576,0.667,intermedia
Heroes,23,1,2,1303,1104,1433,484,4324,0.6327,intermedia
Heroes,24,1,2,1298,1072,1366,605,4341,0.6137,intermedia
Heroes,25,1,2,1535,1234,1991,772,5532,0.6374,intermedia
Heroes,26,1,2,1779,1272,1752,792,5595,0.6311,intermedia
Heroes,27,1,2,1363,1180,1592,599,4734,0.6242,intermedia
Heroes,28,1,2,1575,1418,1976,764,5733,0.6194,intermedia
Heroes,29,1,2,1386,1122,1636,733,4877,0.6196,intermedia
Heroes,30,1,2,1474,1427,1709,695,5305,0.6,intermedia
Heroes,31,1,2,1518,1195,1767,572,5052,0.6502,intermedia
Heroes,32,1,2,1738,1320,1854,670,5582,0.6435,intermedia
Heroes,33,1,2,1248,1003,1866,553,4670,0.6668,intermedia
Heroes,34,1,2,1736,1446,2034,701,5917,0.6371,intermedia
Heroes,35,1,2,1654,1115,1881,751,5401,0.6545,intermedia
Heroes,36,1,2,1768,1206,1786,733,5493,0.647,intermedia
Heroes,37,1,2,1488,936,1286,624,4334,0.6401,intermedia
Heroes,38,1,2,1286,896,1458,515,4155,0.6604,intermedia
Heroes,39,1,2,1279,1301,1636,679,4895,0.5955,intermedia
Heroes,40,1,2,1469,1037,1200,650,4356,0.6127,intermedia
Heroes,41,1,2,1263,1137,1180,546,4126,0.5921,intermedia
Heroes,42,1,2,1226,1167,1504,562,4459,0.6122,intermedia
Heroes,43,1,2,1423,1013,1551,614,4601,0.6464,intermedia
Heroes,44,1,2,1055,976,1362,570,3963,0.6099,intermedia
Heroes,45,1,2,1741,1252,1719,759,5471,0.6324,intermedia
Heroes,46,1,2,1546,969,1658,614,4787,0.6693,intermedia
Heroes,47,1,2,1288,997,1308,467,4060,0.6394,intermedia
Heroes,48,1,2,1603,1053,1011,569,4236,0.6171,intermedia
Heroes,49,1,2,1268,1017,1300,526,4111,0.6247,intermedia
Heroes,50,1,2,1380,1590,1698,642,5310,0.5797,intermedia
Heroes,51,1,2,1664,1163,1884,574,5285,0.6713,intermedia
Heroes,52,1,2,1475,1064,1283,622,4444,0.6206,intermedia
Heroes,53,1,2,1591,1076,1713,742,5122,0.6451,intermedia
Heroes,54,1,2,1864,1263,1666,700,5493,0.6426,intermedia
Heroes,55,1,2,1482,1525,1320,789,5116,0.5477,intermedia
Heroes,56,1,2,1424,1200,1336,603,4563,0.6049,intermedia
Heroes,57,1,2,1583,1118,1499,539,4739,0.6503,intermedia
Heroes,58,1,2,1796,1476,1733,894,5899,0.5982,intermedia
Heroes,59,1,2,1581,1236,1541,662,5020,0.6219,intermedia
Heroes,60,1,2,1256,1008,1261,581,4106,0.613,intermedia
Molinos,1,1,2,1833,1100,1834,808,5575,0.6578,intermedia
Molinos,2,1,2,1617,1666,1908,820,6011,0.5864,intermedia
Molinos,3,1,2,1769,1437,2039,817,6062,0.6282,intermedia
Molinos,4,1,2,1456,1490,1779,726,5451,0.5935,intermedia
Molinos,5,1,2,1449,1708,2089,1039,6285,0.5629,intermedia
Molinos,6,1,2,1685,1805,2037,1048,6575,0.5661,intermedia
Molinos,7,1,2,2087,1569,2090,941,6687,0.6246,intermedia
Molinos,8,1,2,1711,1819,2472,870,6872,0.6087,intermedia
Molinos,9,1,2,1782,1590,1684,658,5714,0.6066,intermedia
Molinos,10,1,2,1042,1433,1698,841,5014,0.5465,intermedia
Molinos,11,1,2,1493,1533,2341,733,6100,0.6285,intermedia
Molinos,12,1,2,1659,1814,1947,964,6384,0.5648,intermedia
Molinos,13,1,2,1734,1733,2117,882,6466,0.5956,intermedia
Molinos,14,1,2,1545,1679,2215,999,6438,0.584,intermedia
Molinos,15,1,2,1648,1652,2051,864,6215,0.5952,intermedia
Molinos,16,1,2,1592,1589,2227,1047,6455,0.5916,intermedia
Molinos,17,1,2,1810,1838,2031,790,6469,0.5938,intermedia
Molinos,18,1,2,1769,1691,1922,1085,6467,0.5707,intermedia
Molinos,19,1,2,1568,1464,2023,686,5741,0.6255,intermedia
Molinos,20,1,2,1541,1702,1949,833,6025,0.5793,intermedia
Molinos,21,1,2,1660,1765,2332,946,6703,0.5956,intermedia
Molinos,22,1,2,1612,1547,1670,854,5683,0.5775,intermedia
Molinos,23,1,2,1862,1462,2140,813,6277,0.6376,intermedia
Molinos,24,1,2,1518,1663,2090,1023,6294,0.5732,intermedia
Molinos,25,1,2,1726,1729,2020,781,6256,0.5988,intermedia
Molinos,26,1,2,1754,1895,2116,1049,6814,0.5679,intermedia
Molinos,27,1,2,2013,1828,2438,1149,7428,0.5992,intermedia
Molinos,28,1,2,1692,1319,1906,866,5783,0.6222,intermedia
Molinos,29,1,2,1920,1836,2108,906,6770,0.595,intermedia
Molinos,30,1,2,1710,1678,2262,897,6547,0.6067,intermedia
Molinos,31,1,2,1484,1872,2187,849,6392,0.5743,intermedia
Molinos,32,1,2,1409,1426,1740,803,5378,0.5855,intermedia
Molinos,33,1,2,1720,1762,1972,838,6292,0.5868,intermedia
Molinos,34,1,2,1656,1423,1869,794,5742,0.6139,intermedia
Molinos,35,1,2,1485,1442,1723,844,5494,0.5839,intermedia
Molinos,36,1,2,1374,1470,1838,684,5366,0.5986,intermedia
Molinos,37,1,2,1782,2044,2381,1020,7227,0.576,intermedia
Molinos,38,1,2,1976,1954,2341,993,7264,0.5943,intermedia
Molinos,39,1,2,1317,1660,2074,989,6040,0.5614,intermedia
Molinos,40,1,2,1788,1515,1900,707,5910,0.624,intermedia
Molinos,41,1,2,1384,1778,1939,744,5845,0.5685,intermedia
Molinos,42,1,2,1792,1727,2104,921,6544,0.5954,intermedia
Molinos,43,1,2,1274,1576,2126,974,5950,0.5714,intermedia
Molinos,44,1,2,1467,1600,2111,908,6086,0.5879,intermedia
Molinos,45,1,2,1588,1552,1976,817,5933,0.6007,intermedia
Molinos,46,1,2,1401,1545,1524,765,5235,0.5587,intermedia
Molinos,47,1,2,1702,1707,2595,1059,7063,0.6084,intermedia
Molinos,48,1,2,1625,2141,1841,943,6550,0.5292,intermedia
Molinos,49,1,2,1970,1637,2000,986,6593,0.6022,intermedia
Molinos,50,1,2,1404,1438,1550,771,5163,0.5721,intermedia
Molinos,51,1,2,1802,1898,2461,925,7086,0.6016,intermedia
Molinos,52,1,2,1569,1877,1946,959,6351,0.5535,intermedia
Molinos,53,1,2,1659,1985,2005,1040,6689,0.5478,intermedia
Molinos,54,1,2,1982,1785,2348,1046,7161,0.6047,intermedia
Molinos,55,1,2,1570,1560,1870,956,5956,0.5776,intermedia
Molinos,56,1,2,1267,1299,1775,787,5128,0.5932,intermedia
Molinos,57,1,2,1718,1968,2057,944,6687,0.5645,intermedia
Molinos,58,1,2,1596,1765,2093,680,6134,0.6014,intermedia
Molinos,59,1,2,2037,1969,1854,951,6811,0.5713,intermedia
Molinos,60,1,2,1788,1636,1927,1042,6393,0.5811,intermedia
NQS Calle 30,1,1,2,1448,1085,1651,638,4822,0.6427,intermedia
NQS Calle 30,2,1,2,1467,1005,2082,685,5239,0.6774,intermedia
NQS Calle 30,3,1,2,1293,1147,1740,715,4895,0.6196,intermedia
NQS Calle 30,4,1,2,1398,1150,1357,900,4805,0.5734,intermedia
NQS Calle 30,5,1,2,1518,1195,1932,859,5504,0.6268,intermedia
NQS Calle 30,6,1,2,1603,1029,1872,749,5253,0.6615,intermedia
NQS Calle 30,7,1,2,1619,1079,1768,768,5234,0.6471,intermedia
NQS Calle 30,8,1,2,1443,1137,2109,886,5575,0.6371,intermedia
NQS Calle 30,9,1,2,1562,1102,1721,826,5211,0.63,intermedia
NQS Calle 30,10,1,2,1442,1420,2327,839,6028,0.6252,intermedia
NQS Calle 30,11,1,2,1373,1664,2100,1004,6141,0.5655,intermedia
NQS Calle 30,12,1,2,1326,1054,1714,914,5008,0.607,intermedia
NQS Calle 30,13,1,2,1565,1309,1905,825,5604,0.6192,intermedia
NQS Calle 30,14,1,2,1822,1474,2059,889,6244,0.6216,intermedia
NQS Calle 30,15,1,2,1768,1271,2271,846,6156,0.6561,intermedia
NQS Calle 30,16,1,2,1407,1266,2048,929,5650,0.6115,intermedia
NQS Calle 30,17,1,2,1473,1570,2281,921,6245,0.6011,intermedia
NQS Calle 30,18,1,2,1411,1279,1680,885,5255,0.5882,intermedia
NQS Calle 30,19,1,2,1680,1381,2024,827,5912,0.6265,intermedia
NQS Calle 30,20,1,2,1381,1242,1468,883,4974,0.5728,intermedia
NQS Calle 30,21,1,2,1179,1058,1487,828,4552,0.5857,intermedia
NQS Calle 30,22,1,2,1664,1369,1737,864,5634,0.6037,intermedia
NQS Calle 30,23,1,2,1589,1409,1960,950,5908,0.6007,intermedia
NQS Calle 30,24,1,2,1421,1316,2017,822,5576,0.6166,intermedia
NQS Calle 30,25,1,2,1610,1231,1686,948,5475,0.602,intermedia
NQS Calle 30,26,1,2,1447,1026,1971,688,5132,0.666,intermedia
NQS Calle 30,27,1,2,1806,1220,2276,837,6139,0.6649,intermedia
NQS Calle 30,28,1,2,1296,1101,1500,529,4426,0.6317,intermedia
NQS Calle 30,29,1,2,1409,1191,1781,692,5073,0.6288,intermedia
NQS Calle 30,30,1,2,1619,1349,1681,740,5389,0.6124,intermedia
NQS Calle 30,31,1,2,1670,1379,1697,886,5632,0.5978,intermedia
NQS Calle 30,32,1,2,1684,1404,1960,951,5999,0.6074,intermedia
NQS Calle 30,33,1,2,1612,1146,1839,880,5477,0.6301,intermedia
NQS Calle 30,34,1,2,1242,942,1707,762,4653,0.6338,intermedia
NQS Calle 30,35,1,2,1482,959,1780,821,5042,0.647,intermedia
NQS Calle 30,36,1,2,1531,1414,1718,745,5408,0.6008,intermedia
NQS Calle 30,37,1,2,1387,1236,1591,867,5081,0.5861,intermedia
NQS Calle 30,38,1,2,1421,1166,1734,915,5236,0.6026,intermedia
NQS Calle 30,39,1,2,1400,1266,1944,714,5324,0.6281,intermedia
NQS Calle 30,40,1,2,1392,1352,2139,867,5750,0.6141,intermedia
NQS Calle 30,41,1,2,1470,881,1958,876,5185,0.6611,intermedia
NQS Calle 30,42,1,2,1426,1173,1838,953,5390,0.6056,intermedia
NQS Calle 30,43,1,2,1632,926,1743,854,5155,0.6547,intermedia
NQS Calle 30,44,1,2,1225,1162,2060,735,5182,0.6339,intermedia
NQS Calle 30,45,1,2,1182,1065,1769,804,4820,0.6122,intermedia
NQS Calle 30,46,1,2,1340,943,1399,785,4467,0.6132,intermedia
NQS Calle 30,47,1,2,1276,1157,1700,753,4886,0.6091,intermedia
NQS Calle 30,48,1,2,1532,1243,1546,1031,5352,0.5751,intermedia
NQS Calle 30,49,1,2,1336,1128,1788,736,4988,0.6263,intermedia
NQS Calle 30,50,1,2,1832,1309,1722,905,5768,0.6162,intermedia
NQS Calle 30,51,1,2,1299,1167,1755,754,4975,0.6139,intermedia
NQS Calle 30,52,1,2,1549,1175,2159,877,5760,0.6438,intermedia
NQS Calle 30,53,1,2,1527,1463,2118,695,5803,0.6281,intermedia
NQS Calle 30,54,1,2,1116,1208,1291,783,4398,0.5473,intermedia
NQS Calle 30,55,1,2,1689,1462,1938,927,6016,0.6029,intermedia
NQS Calle 30,56,1,2,1551,1355,1844,801,5551,0.6116,intermedia
NQS Calle 30,57,1,2,1435,988,1532,763,4718,0.6289,intermedia
NQS Calle 30,58,1,2,1346,876,1687,776,4685,0.6474,intermedia
NQS Calle 30,59,1,2,1270,1296,2069,945,5580,0.5984,intermedia
NQS Calle 30,60,1,2,1792,1245,2179,907,6123,0.6485,intermedia
Polo,1,2,3,5663,4570,4930,1652,16815,0.63,transbordo
Polo,2,2,3,5385,5016,6062,1778,18241,0.6275,transbordo
Polo,3,2,3,5538,4647,5232,1725,17142,0.6283,transbordo
Polo,4,2,3,5985,4982,6040,1865,18872,0.6372,transbordo
Polo,5,2,3,4205,4534,5314,1688,15741,0.6047,transbordo
Polo,6,2,3,5621,5276,6338,1761,18996,0.6296,transbordo
Polo,7,2,3,4507,3957,4816,1505,14785,0.6306,transbordo
Polo,8,2,3,5040,4604,5285,1473,16402,0.6295,transbordo
Polo,9,2,3,4962,5553,4293,1743,16551,0.5592,transbordo
Polo,10,2,3,4185,5207,6010,1926,17328,0.5884,transbordo
Polo,11,2,3,4678,4575,4513,1709,15475,0.5939,transbordo
Polo,12,2,3,5332,5018,6098,1872,18320,0.6239,transbordo
Polo,13,2,3,6193,5500,6319,2251,20263,0.6175,transbordo
Polo,14,2,3,5350,5341,5517,1393,17601,0.6174,transbordo
Polo,15,2,3,5528,5408,5461,2108,18505,0.5938,transbordo
Polo,16,2,3,4960,4841,5943,1645,17389,0.627,transbordo
Polo,17,2,3,5765,5364,5792,1905,18826,0.6139,transbordo
Polo,18,2,3,4734,6218,6892,2064,19908,0.584,transbordo
Polo,19,2,3,4857,4837,4493,1529,15716,0.5949,transbordo
Polo,20,2,3,5702,6270,6307,2138,20417,0.5882,transbordo
Polo,21,2,3,4620,4802,7668,1930,19020,0.6461,transbordo
Polo,22,2,3,6692,6927,6911,1979,22509,0.6043,transbordo
Polo,23,2,3,4361,5184,6343,1475,17363,0.6165,transbordo
Polo,24,2,3,5885,6063,5398,1779,19125,0.59,transbordo
Polo,25,2,3,3942,4535,5717,1355,15549,0.6212,transbordo
Polo,26,2,3,6315,5689,8004,1595,21603,0.6628,transbordo
Polo,27,2,3,5426,6319,6791,2258,20794,0.5875,transbordo
Polo,28,2,3,5934,6047,6189,1954,20124,0.6024,transbordo
Polo,29,2,3,5044,4558,6799,1751,18152,0.6524,transbordo
Polo,30,2,3,4376,4191,4723,1749,15039,0.605,transbordo
Polo,31,2,3,5156,4838,5747,1765,17506,0.6228,transbordo
Polo,32,2,3,7111,5581,5441,2257,20390,0.6156,transbordo
Polo,33,2,3,6257,6111,6812,2153,21333,0.6126,transbordo
Polo,34,2,3,6677,6780,6295,2119,21871,0.5931,transbordo
Polo,35,2,3,5431,5293,5162,1830,17716,0.5979,transbordo
Polo,36,2,3,7523,5899,7241,2484,23147,0.6378,transbordo
Polo,37,2,3,5530,5856,5985,1658,19029,0.6051,transbordo
Polo,38,2,3,5666,5700,5882,1725,18973,0.6087,transbordo
Polo,39,2,3,4537,4148,3761,1820,14266,0.5817,transbordo
Polo,40,2,3,4408,4916,3950,1869,15143,0.5519,transbordo
Polo,41,2,3,5265,4647,5544,1742,17198,0.6285,transbordo
Polo,42,2,3,4396,4516,5796,2119,16827,0.6057,transbordo
Polo,43,2,3,5326,5069,5770,1935,18100,0.613,transbordo
Polo,44,2,3,4689,4423,4819,1459,15390,0.6178,transbordo
Polo,45,2,3,4443,4346,6688,2006,17483,0.6367,transbordo
Polo,46,2,3,5740,4774,4246,1534,16294,0.6129,transbordo
Polo,47,2,3,6182,5321,5325,1845,18673,0.6162,transbordo
Polo,48,2,3,4172,4651,5049,1549,15421,0.598,transbordo
Polo,49,2,3,4443,4927,6039,1668,17077,0.6138,transbordo
Polo,50,2,3,5486,6590,6289,2234,20599,0.5716,transbordo
Polo,51,2,3,5695,5909,5560,1654,18818,0.5981,transbordo
Polo,52,2,3,5400,4822,6211,2129,18562,0.6255,transbordo
Polo,53,2,3,4769,4990,4074,1637,15470,0.5716,transbordo
Polo,54,2,3,4505,5816,5812,1737,17870,0.5773,transbordo
Polo,55,2,3,5929,5911,6415,2021,20276,0.6088,transbordo
Polo,56,2,3,4540,4725,3762,1992,15019,0.5528,transbordo
Polo,57,2,3,4621,4176,5741,1800,16338,0.6342,transbordo
Polo,58,2,3,4839,4540,5088,1741,16208,0.6125,transbordo
Polo,59,2,3,5344,4871,5525,1815,17555,0.6191,transbordo
Polo,60,2,3,6363,6055,6437,1930,20785,0.6158,transbordo
Portal 80,1,1,1,5492,2036,3168,1054,11750,0.737,terminal
Portal 80,2,1,1,4674,1929,3003,924,10530,0.7291,terminal
Portal 80,3,1,1,5330,1838,3449,1204,11821,0.7427,terminal
Portal 80,4,1,1,4302,2043,3238,1052,10635,0.709,terminal
Portal 80,5,1,1,5217,1965,2979,1305,11466,0.7148,terminal
Portal 80,6,1,1,4644,2216,3250,1259,11369,0.6943,terminal
Portal 80,7,1,1,4825,1830,3355,1431,11441,0.715,terminal
Portal 80,8,1,1,5443,1900,2741,1160,11244,0.7279,terminal
Portal 80,9,1,1,5130,1724,3720,1180,11754,0.7529,terminal
Portal 80,10,1,1,4522,2120,3273,1119,11034,0.7065,terminal
Portal 80,11,1,1,5289,1904,2944,1249,11386,0.7231,terminal
Portal 80,12,1,1,4651,1792,3288,1130,10861,0.731,terminal
Portal 80,13,1,1,5653,2138,3070,1481,12342,0.7068,terminal
Portal 80,14,1,1,5445,1925,4098,1386,12854,0.7424,terminal
Portal 80,15,1,1,5022,2160,3007,1152,11341,0.708,terminal
Portal 80,16,1,1,4800,2184,4247,1217,12448,0.7268,terminal
Portal 80,17,1,1,5669,1976,3604,1338,12587,0.7367,terminal
Portal 80,18,1,1,4301,1844,3319,1160,10624,0.7172,terminal
Portal 80,19,1,1,5172,2420,3587,1418,12597,0.6953,terminal
Portal 80,20,1,1,4977,2078,3116,1326,11497,0.7039,terminal
Portal 80,21,1,1,4654,1931,2927,1278,10790,0.7026,terminal
Portal 80,22,1,1,5410,1987,2875,1151,11423,0.7253,terminal
Portal 80,23,1,1,4723,1844,3682,1105,11354,0.7403,terminal
Portal 80,24,1,1,6404,2074,3045,1539,13062,0.7234,terminal
Portal 80,25,1,1,4599,1829,2853,991,10272,0.7255,terminal
Portal 80,26,1,1,5329,1952,3151,1179,11611,0.7303,terminal
Portal 80,27,1,1,5575,2379,3370,1299,12623,0.7086,terminal
Portal 80,28,1,1,4530,1905,3041,1035,10511,0.7203,terminal
Portal 80,29,1,1,5453,2262,3704,1398,12817,0.7144,terminal
Portal 80,30,1,1,3539,1684,2563,1160,8946,0.6821,terminal
Portal 80,31,1,1,4929,2306,3508,1450,12193,0.692,terminal
Portal 80,32,1,1,5480,2315,3302,1259,12356,0.7107,terminal
Portal 80,33,1,1,4933,2098,3074,1223,11328,0.7068,terminal
Portal 80,34,1,1,5504,1439,3177,1213,11333,0.766,terminal
Portal 80,35,1,1,5239,1885,3429,1227,11780,0.7358,terminal
Portal 80,36,1,1,5576,1959,3541,1272,12348,0.7383,terminal
Portal 80,37,1,1,5211,2735,2950,1430,12326,0.6621,terminal
Portal 80,38,1,1,4966,2144,3253,1056,11419,0.7198,terminal
Portal 80,39,1,1,5436,1717,3610,1171,11934,0.758,terminal
Portal 80,40,1,1,5175,1968,3073,1407,11623,0.7096,terminal
Portal 80,41,1,1,5215,2194,3503,1027,11939,0.7302,terminal
Portal 80,42,1,1,3910,2096,2837,1034,9877,0.6831,terminal
Portal 80,43,1,1,5514,1954,3751,1275,12494,0.7416,terminal
Portal 80,44,1,1,6104,2475,3783,1429,13791,0.7169,terminal
Portal 80,45,1,1,4189,1559,2659,1167,9574,0.7153,terminal
Portal 80,46,1,1,6108,2288,3803,1410,13609,0.7283,terminal
Portal 80,47,1,1,5405,1881,3044,1316,11646,0.7255,terminal
Portal 80,48,1,1,5832,2909,4447,1391,14579,0.7051,terminal
Portal 80,49,1,1,5664,2192,3376,1127,12359,0.7315,terminal
Portal 80,50,1,1,5787,2224,3635,1391,13037,0.7227,terminal
Portal 80,51,1,1,4799,1926,3378,1151,11254,0.7266,terminal
Portal 80,52,1,1,5666,2602,2824,1313,12405,0.6844,terminal
Portal 80,53,1,1,6748,2102,4274,1338,14462,0.7621,terminal
Portal 80,54,1,1,5087,2245,3326,1247,11905,0.7067,terminal
Portal 80,55,1,1,5963,2077,3705,1421,13166,0.7343,terminal
Portal 80,56,1,1,4852,1937,2836,1100,10725,0.7168,terminal
Portal 80,57,1,1,5098,2051,3833,1279,12261,0.7284,terminal
Portal 80,58,1,1,4711,1842,3519,1145,11217,0.7337,terminal
Portal 80,59,1,1,4974,2174,3523,1431,12102,0.7021,terminal
Portal 80,60,1,1,4943,2030,3295,1402,11670,0.7059,terminal
Portal Americas,1,1,1,5344,2361,4657,1560,13922,0.7184,terminal
Portal Americas,2,1,1,5343,3300,5735,1663,16041,0.6906,terminal
Portal Americas,3,1,1,5182,2295,3169,1384,12030,0.6942,terminal
Portal Americas,4,1,1,5175,2427,4307,1147,13056,0.7263,terminal
Portal Americas,5,1,1,7117,2731,5425,2031,17304,0.7248,terminal
Portal Americas,6,1,1,5585,2288,4914,1200,13987,0.7506,terminal
Portal Americas,7,1,1,5956,3092,4379,1617,15044,0.687,terminal
Portal Americas,8,1,1,5880,1987,4554,1384,13805,0.7558,terminal
Portal Americas,9,1,1,6275,2927,5028,2053,16283,0.6942,terminal
Portal Americas,10,1,1,5564,2871,4442,1609,14486,0.6907,terminal
Portal Americas,11,1,1,5471,1814,4286,1363,12934,0.7544,terminal
Portal Americas,12,1,1,4269,2371,4067,1143,11850,0.7035,terminal
Portal Americas,13,1,1,6332,2830,5492,1636,16290,0.7258,terminal
Portal Americas,14,1,1,4529,2349,4210,1120,12208,0.7158,terminal
Portal Americas,15,1,1,6469,2921,5122,1815,16327,0.7099,terminal
Portal Americas,16,1,1,4765,2104,3981,1498,12348,0.7083,terminal
Portal Americas,17,1,1,5885,2071,3804,1474,13234,0.7321,terminal
Portal Americas,18,1,1,5823,2334,4300,1379,13836,0.7316,terminal
Portal Americas,19,1,1,7083,3271,5313,1792,17459,0.71,terminal
Portal Americas,20,1,1,6767,2613,5066,2026,16472,0.7184,terminal
Portal Americas,21,1,1,4182,1897,4100,1459,11638,0.7116,terminal
Portal Americas,22,1,1,5951,2405,4546,1434,14336,0.7322,terminal
Portal Americas,23,1,1,5760,2762,5534,1287,15343,0.7361,terminal
Portal Americas,24,1,1,6071,2870,5292,1768,16001,0.7101,terminal
Portal Americas,25,1,1,5658,2250,5714,1882,15504,0.7335,terminal
Portal Americas,26,1,1,5900,2414,3168,1544,13026,0.6961,terminal
Portal Americas,27,1,1,5816,2112,3837,1205,12970,0.7443,terminal
Portal Americas,28,1,1,6212,2287,3671,1848,14018,0.705,terminal
Portal Americas,29,1,1,7258,2789,4751,1551,16349,0.7345,terminal
Portal Americas,30,1,1,6851,2363,4813,1604,15631,0.7462,terminal
Portal Americas,31,1,1,5908,2927,4181,1650,14666,0.6879,terminal
Portal Americas,32,1,1,6209,2720,4394,1908,15231,0.6961,terminal
Portal Americas,33,1,1,5137,2385,3975,1335,12832,0.7101,terminal
Portal Americas,34,1,1,6417,2378,4662,1304,14761,0.7506,terminal
Portal Americas,35,1,1,5516,1951,3159,1257,11883,0.73,terminal
Portal Americas,36,1,1,5098,2419,4956,1508,13981,0.7191,terminal
Portal Americas,37,1,1,6799,2804,4715,1677,15995,0.7198,terminal
Portal Americas,38,1,1,5357,2417,4164,1606,13544,0.703,terminal
Portal Americas,39,1,1,6843,3227,6164,2077,18311,0.7103,terminal
Portal Americas,40,1,1,5384,2677,4732,1603,14396,0.7027,terminal
Portal Americas,41,1,1,5655,2481,4138,1533,13807,0.7093,terminal
Portal Americas,42,1,1,5723,3199,4900,1643,15465,0.6869,terminal
Portal Americas,43,1,1,5945,2453,3961,1316,13675,0.7244,terminal
Portal Americas,44,1,1,5475,2174,3694,1731,13074,0.7013,terminal
Portal Americas,45,1,1,5229,2173,3959,1443,12804,0.7176,terminal
Portal Americas,46,1,1,5948,2148,3798,1806,13700,0.7114,terminal
Portal Americas,47,1,1,6162,2763,4777,1558,15260,0.7168,terminal
Portal Americas,48,1,1,4148,2323,4134,1402,12007,0.6898,terminal
Portal Americas,49,1,1,3849,1882,3395,1333,10459,0.6926,terminal
Portal Americas,50,1,1,6004,2115,3891,1527,13537,0.731,terminal
Portal Americas,51,1,1,5442,2782,5591,1422,15237,0.7241,terminal
Portal Americas,52,1,1,5050,1978,4728,1630,13386,0.7305,terminal
Portal Americas,53,1,1,6587,2199,4986,1601,15373,0.7528,terminal
Portal Americas,54,1,1,4568,2377,3929,1650,12524,0.6785,terminal
Portal Americas,55,1,1,4922,2839,5356,1640,14757,0.6965,terminal
Portal Americas,56,1,1,5973,1922,3996,1124,13015,0.766,terminal
Portal Americas,57,1,1,4235,2425,4470,1319,12449,0.6993,terminal
Portal Americas,58,1,1,4986,2248,3376,1204,11814,0.7078,terminal
Portal Americas,59,1,1,6112,2491,4720,1360,14683,0.7377,terminal
Portal Americas,60,1,1,4509,1723,3417,1141,10790,0.7346,terminal
Portal Norte,1,1,1,5903,3090,4569,1551,15113,0.6929,terminal
Portal Norte,2,1,1,7128,2854,3830,1403,15215,0.7202,terminal
Portal Norte,3,1,1,7539,3225,5377,1560,17701,0.7297,terminal
Portal Norte,4,1,1,5334,2689,4208,1544,13775,0.6927,terminal
Portal Norte,5,1,1,7578,2835,4035,1729,16177,0.7179,terminal
Portal Norte,6,1,1,7035,2729,4351,1479,15594,0.7302,terminal
Portal Norte,7,1,1,4792,2102,3674,1087,11655,0.7264,terminal
Portal Norte,8,1,1,6217,3070,5085,1388,15760,0.7171,terminal
Portal Norte,9,1,1,6485,2919,4713,1450,15567,0.7193,terminal
Portal Norte,10,1,1,5251,2719,4259,1268,13497,0.7046,terminal
Portal Norte,11,1,1,6203,2329,4394,1435,14361,0.7379,terminal
Portal Norte,12,1,1,6281,2951,5271,1865,16368,0.7058,terminal
Portal Norte,13,1,1,6720,2270,4207,1681,14878,0.7344,terminal
Portal Norte,14,1,1,7190,2334,4114,1154,14792,0.7642,terminal
Portal Norte,15,1,1,6649,3296,4699,1460,16104,0.7047,terminal
Portal Norte,16,1,1,5209,2436,4021,1360,13026,0.7086,terminal
Portal Norte,17,1,1,6588,2975,4803,1328,15694,0.7258,terminal
Portal Norte,18,1,1,7393,2710,5280,1694,17077,0.7421,terminal
Portal Norte,19,1,1,7655,1988,5042,1782,16467,0.7711,terminal
Portal Norte,20,1,1,4511,2409,4075,1321,12316,0.6971,terminal
Portal Norte,21,1,1,5178,2347,4159,1526,13210,0.7068,terminal
Portal Norte,22,1,1,5901,2040,4954,1431,14326,0.7577,terminal
Portal Norte,23,1,1,5442,2745,3540,1408,13135,0.6838,terminal
Portal Norte,24,1,1,6355,2957,4360,1439,15111,0.7091,terminal
Portal Norte,25,1,1,5599,2725,4753,1673,14750,0.7018,terminal
Portal Norte,26,1,1,6062,2472,3415,1106,13055,0.7259,terminal
Portal Norte,27,1,1,5304,2265,4001,1307,12877,0.7226,terminal
Portal Norte,28,1,1,6376,2644,4306,1395,14721,0.7256,terminal
Portal Norte,29,1,1,5510,2025,3346,1186,12067,0.7339,terminal
Portal Norte,30,1,1,6150,2537,3973,1455,14115,0.7172,terminal
Portal Norte,31,1,1,4858,2419,4613,1252,13142,0.7207,terminal
Portal Norte,32,1,1,6206,2708,3778,1233,13925,0.717,terminal
Portal Norte,33,1,1,8055,2677,4883,1502,17117,0.7559,terminal
Portal Norte,34,1,1,4446,1859,3717,1166,11188,0.7296,terminal
Portal Norte,35,1,1,6992,3142,5165,1683,16982,0.7159,terminal
Portal Norte,36,1,1,7718,3651,6047,1629,19045,0.7228,terminal
Portal Norte,37,1,1,6268,2794,4722,1508,15292,0.7187,terminal
Portal Norte,38,1,1,6715,2401,4438,1568,15122,0.7375,terminal
Portal Norte,39,1,1,7142,3129,5124,1753,17148,0.7153,terminal
Portal Norte,40,1,1,6251,2225,3081,1131,12688,0.7355,terminal
Portal Norte,41,1,1,5239,1896,3370,1248,11753,0.7325,terminal
Portal Norte,42,1,1,5701,2566,4376,1441,14084,0.7155,terminal
Portal Norte,43,1,1,5960,2812,3651,1338,13761,0.6984,terminal
Portal Norte,44,1,1,5932,2477,4217,1457,14083,0.7207,terminal
Portal Norte,45,1,1,6729,2831,5066,1545,16171,0.7294,terminal
Portal Norte,46,1,1,5052,2008,3310,1208,11578,0.7222,terminal
Portal Norte,47,1,1,5780,2033,3619,1417,12849,0.7315,terminal
Portal Norte,48,1,1,6291,2614,4095,1216,14216,0.7306,terminal
Portal Norte,49,1,1,5356,2039,4168,1088,12651,0.7528,terminal
Portal Norte,50,1,1,4909,1747,4153,1042,11851,0.7647,terminal
Portal Norte,51,1,1,5919,2363,3564,1140,12986,0.7302,terminal
Portal Norte,52,1,1,7302,3419,4036,1616,16373,0.6925,terminal
Portal Norte,53,1,1,6605,2451,4659,1533,15248,0.7387,terminal
Portal Norte,54,1,1,7404,2696,5328,1389,16817,0.7571,terminal
Portal Norte,55,1,1,5161,3023,4670,1644,14498,0.6781,terminal
Portal Norte,56,1,1,7210,2881,5617,1325,17033,0.7531,terminal
Portal Norte,57,1,1,6448,2454,3168,1338,13408,0.7172,terminal
Portal Norte,58,1,1,6170,2542,3626,1402,13740,0.713,terminal
Portal Norte,59,1,1,6105,2509,3938,1108,13660,0.7352,terminal
Portal Norte,60,1,1,4570,2373,3447,1536,11926,0.6722,terminal
Portal Sur,1,1,1,3818,2981,4506,1204,12509,0.6654,terminal
Portal Sur,2,1,1,7291,3803,5453,1198,17745,0.7182,terminal
Portal Sur,3,1,1,6415,3074,4329,1465,15283,0.703,terminal
Portal Sur,4,1,1,4654,2797,4611,1200,13262,0.6986,terminal
Portal Sur,5,1,1,6122,3624,4749,1255,15750,0.6902,terminal
Portal Sur,6,1,1,4495,2616,4376,1337,12824,0.6917,terminal
Portal Sur,7,1,1,5712,3054,5093,1552,15411,0.7011,terminal
Portal Sur,8,1,1,6909,3258,5046,1766,16979,0.7041,terminal
Portal Sur,9,1,1,5933,3074,5383,1374,15764,0.7178,terminal
Portal Sur,10,1,1,4992,2680,4687,1214,13573,0.7131,terminal
Portal Sur,11,1,1,5531,3264,4563,1578,14936,0.6758,terminal
Portal Sur,12,1,1,4605,2485,4393,1208,12691,0.709,terminal
Portal Sur,13,1,1,5663,3035,4479,1422,14599,0.6947,terminal
Portal Sur,14,1,1,5434,3056,4998,1314,14802,0.7048,terminal
Portal Sur,15,1,1,4619,2902,4611,1551,13683,0.6746,terminal
Portal Sur,16,1,1,6686,3770,4384,1602,16442,0.6733,terminal
Portal Sur,17,1,1,7057,3469,5869,1488,17883,0.7228,terminal
Portal Sur,18,1,1,5556,3648,4674,1527,15405,0.6641,terminal
Portal Sur,19,1,1,5223,3215,5162,1312,14912,0.6964,terminal
Portal Sur,20,1,1,5516,3025,5228,1457,15226,0.7056,terminal
Portal Sur,21,1,1,4215,2818,4443,1207,12683,0.6826,terminal
Portal Sur,22,1,1,4821,3301,5105,1470,14697,0.6754,terminal
Portal Sur,23,1,1,5284,2965,4999,1354,14602,0.7042,terminal
Portal Sur,24,1,1,5312,3473,5511,1368,15664,0.6909,terminal
Portal Sur,25,1,1,6125,3302,4460,1756,15643,0.6767,terminal
Portal Sur,26,1,1,4681,2441,4361,1093,12576,0.719,terminal
Portal Sur,27,1,1,5949,3273,4579,1505,15306,0.6878,terminal
Portal Sur,28,1,1,6377,3075,4976,1401,15829,0.7172,terminal
Portal Sur,29,1,1,5248,2974,5033,1244,14499,0.7091,terminal
Portal Sur,30,1,1,6463,3202,5028,1477,16170,0.7106,terminal
Portal Sur,31,1,1,4688,3227,4557,1297,13769,0.6714,terminal
Portal Sur,32,1,1,4950,3051,3731,1120,12852,0.6755,terminal
Portal Sur,33,1,1,7087,3999,5048,1652,17786,0.6823,terminal
Portal Sur,34,1,1,5435,2780,4538,1472,14225,0.7011,terminal
Portal Sur,35,1,1,5635,3241,5104,1377,15357,0.6993,terminal
Portal Sur,36,1,1,6040,3676,3903,1263,14882,0.6681,terminal
Portal Sur,37,1,1,5324,3398,4300,1246,14268,0.6745,terminal
Portal Sur,38,1,1,4708,3409,3696,1586,13399,0.6272,terminal
Portal Sur,39,1,1,5047,3061,4302,1480,13890,0.6731,terminal
Portal Sur,40,1,1,5795,3903,4595,1532,15825,0.6566,terminal
Portal Sur,41,1,1,5761,3136,4477,1415,14789,0.6923,terminal
Portal Sur,42,1,1,7363,3617,5549,1807,18336,0.7042,terminal
Portal Sur,43,1,1,4485,2791,4340,1420,13036,0.677,terminal
Portal Sur,44,1,1,6770,3822,4912,1618,17122,0.6823,terminal
Portal Sur,45,1,1,5601,3218,5233,1304,15356,0.7055,terminal
Portal Sur,46,1,1,4343,3276,4066,1101,12786,0.6577,terminal
Portal Sur,47,1,1,5884,3677,4989,1828,16378,0.6639,terminal
Portal Sur,48,1,1,6069,3377,5046,1623,16115,0.6897,terminal
Portal Sur,49,1,1,6411,3333,6103,1859,17706,0.7068,terminal
Portal Sur,50,1,1,4435,2396,4329,1256,12416,0.7059,terminal
Portal Sur,51,1,1,4603,3087,3556,1385,12631,0.646,terminal
Portal Sur,52,1,1,6542,3372,4466,1345,15725,0.7,terminal
Portal Sur,53,1,1,5042,3057,5125,1162,14386,0.7067,terminal
Portal Sur,54,1,1,6263,3271,4325,1263,15122,0.7002,terminal
Portal Sur,55,1,1,4305,3179,4435,1197,13116,0.6664,terminal
Portal Sur,56,1,1,4614,2542,4831,1151,13138,0.7189,terminal
Portal Sur,57,1,1,6245,3361,4779,1114,15499,0.7113,terminal
Portal Sur,58,1,1,6730,3397,5427,1447,17001,0.7151,terminal
Portal Sur,59,1,1,4348,2983,4609,1301,13241,0.6765,terminal
Portal Sur,60,1,1,6331,3398,4730,1599,16058,0.6888,terminal
Restrepo,1,2,3,6927,8944,7480,2598,25949,0.5552,transbordo
Restrepo,2,2,3,6183,8203,7741,2897,25024,0.5564,transbordo
Restrepo,3,2,3,5384,5729,8117,2556,21786,0.6197,transbordo
Restrepo,4,2,3,4315,5147,5282,1565,16309,0.5884,transbordo
Restrepo,5,2,3,7163,7355,7963,2880,25361,0.5964,transbordo
Restrepo,6,2,3,5741,5228,5819,2180,18968,0.6094,transbordo
Restrepo,7,2,3,6637,7916,7268,2917,24738,0.5621,transbordo
Restrepo,8,2,3,6285,8143,7564,2589,24581,0.5634,transbordo
Restrepo,9,2,3,6656,7166,6908,2982,23712,0.572,transbordo
Restrepo,10,2,3,7113,8143,7600,3280,26136,0.5629,transbordo
Restrepo,11,2,3,6106,6295,6782,2557,21740,0.5928,transbordo
Restrepo,12,2,3,6059,7505,6341,2327,22232,0.5578,transbordo
Restrepo,13,2,3,6773,6946,6296,2373,22388,0.5838,transbordo
Restrepo,14,2,3,6538,6762,7434,2630,23364,0.598,transbordo
Restrepo,15,2,3,5117,6784,6301,2615,20817,0.5485,transbordo
Restrepo,16,2,3,5368,6344,6144,2443,20299,0.5671,transbordo
Restrepo,17,2,3,5153,7594,7765,2544,23056,0.5603,transbordo
Restrepo,18,2,3,5415,6663,5989,2235,20302,0.5617,transbordo
Restrepo,19,2,3,5244,6743,7377,2062,21426,0.5891,transbordo
Restrepo,20,2,3,6536,7111,6893,2691,23231,0.5781,transbordo
Restrepo,21,2,3,4647,5394,5436,2378,17855,0.5647,transbordo
Restrepo,22,2,3,6068,7213,7906,2954,24141,0.5788,transbordo
Restrepo,23,2,3,4875,6924,5423,2701,19923,0.5169,transbordo
Restrepo,24,2,3,5015,7502,7273,2472,22262,0.552,transbordo
Restrepo,25,2,3,6099,6908,7178,3135,23320,0.5693,transbordo
Restrepo,26,2,3,4998,6629,6984,2546,21157,0.5663,transbordo
Restrepo,27,2,3,5224,6296,5600,2349,19469,0.556,transbordo
Restrepo,28,2,3,6066,7087,6188,2473,21814,0.5617,transbordo
Restrepo,29,2,3,5290,6561,7483,2385,21719,0.5881,transbordo
Restrepo,30,2,3,4500,6411,7079,1925,19915,0.5814,transbordo
Restrepo,31,2,3,5459,5945,7047,2473,20924,0.5977,transbordo
Restrepo,32,2,3,7306,7138,7772,2858,25074,0.6013,transbordo
Restrepo,33,2,3,5164,7707,7049,2449,22369,0.546,transbordo
Restrepo,34,2,3,5668,6703,7619,2630,22620,0.5874,transbordo
Restrepo,35,2,3,6462,7739,7168,2859,24228,0.5626,transbordo
Restrepo,36,2,3,6359,8075,7410,2496,24340,0.5657,transbordo
Restrepo,37,2,3,7251,7070,7885,2924,25130,0.6023,transbordo
Restrepo,38,2,3,6447,7440,7318,3152,24357,0.5651,transbordo
Restrepo,39,2,3,5895,6280,8557,2810,23542,0.6139,transbordo
Restrepo,40,2,3,4688,7009,6637,2316,20650,0.5484,transbordo
Restrepo,41,2,3,7853,8870,8510,2687,27920,0.5861,transbordo
Restrepo,42,2,3,6192,8445,7897,2730,25264,0.5577,transbordo
Restrepo,43,2,3,5726,8097,8484,2617,24924,0.5701,transbordo
Restrepo,44,2,3,5160,8205,8036,2444,23845,0.5534,transbordo
Restrepo,45,2,3,6906,6941,7122,3266,24235,0.5788,transbordo
Restrepo,46,2,3,6296,5900,6773,2744,21713,0.6019,transbordo
Restrepo,47,2,3,5817,6432,6782,2480,21511,0.5857,transbordo
Restrepo,48,2,3,6253,9340,9639,2790,28022,0.5671,transbordo
Restrepo,49,2,3,7208,7925,5040,2535,22708,0.5394,transbordo
Restrepo,50,2,3,5014,5530,5538,1972,18054,0.5845,transbordo
Restrepo,51,2,3,5736,6694,7066,2752,22248,0.5754,transbordo
Restrepo,52,2,3,5933,5486,6696,2271,20386,0.6195,transbordo
Restrepo,53,2,3,6313,7695,7043,3540,24591,0.5431,transbordo
Restrepo,54,2,3,5539,7316,6753,3132,22740,0.5405,transbordo
Restrepo,55,2,3,4876,7575,7960,2679,23090,0.5559,transbordo
Restrepo,56,2,3,6044,7614,7500,2507,23665,0.5723,transbordo
Restrepo,57,2,3,6135,7348,6780,2399,22662,0.5699,transbordo
Restrepo,58,2,3,6461,5589,6819,2982,21851,0.6078,transbordo
Restrepo,59,2,3,5920,8790,6916,2588,24214,0.5301,transbordo
Restrepo,60,2,3,6648,8301,7010,2759,24718,0.5526,transbordo
Ricaurte,1,1,2,1396,1072,2005,670,5143,0.6613,intermedia
Ricaurte,2,1,2,1411,1486,2218,708,5823,0.6232,intermedia
Ricaurte,3,1,2,2138,1927,2442,775,7282,0.6289,intermedia
Ricaurte,4,1,2,1635,1599,1785,812,5831,0.5865,intermedia
Ricaurte,5,1,2,1485,1550,2439,820,6294,0.6235,intermedia
Ricaurte,6,1,2,1838,1087,1743,761,5429,0.6596,intermedia
Ricaurte,7,1,2,1170,1423,2090,682,5365,0.6076,intermedia
Ricaurte,8,1,2,1915,1879,1996,896,6686,0.585,intermedia
Ricaurte,9,1,2,2209,1921,2371,922,7423,0.617,intermedia
Ricaurte,10,1,2,1661,1289,1949,588,5487,0.6579,intermedia
Ricaurte,11,1,2,1600,1264,1787,526,5177,0.6542,intermedia
Ricaurte,12,1,2,1914,1254,1571,769,5508,0.6327,intermedia
Ricaurte,13,1,2,1484,1225,1688,654,5051,0.628,intermedia
Ricaurte,14,1,2,1690,1691,1950,881,6212,0.586,intermedia
Ricaurte,15,1,2,1542,1538,1969,724,5773,0.6082,intermedia
Ricaurte,16,1,2,1346,1328,1612,652,4938,0.599,intermedia
Ricaurte,17,1,2,1149,1266,1912,629,4956,0.6176,intermedia
Ricaurte,18,1,2,1287,1043,1670,780,4780,0.6186,intermedia
Ricaurte,19,1,2,1620,1670,2033,833,6156,0.5934,intermedia
Ricaurte,20,1,2,1700,1286,2237,868,6091,0.6464,intermedia
Ricaurte,21,1,2,910,1043,1825,610,4388,0.6233,intermedia
Ricaurte,22,1,2,1797,1708,2051,788,6344,0.6066,intermedia
Ricaurte,23,1,2,1756,1614,2198,774,6342,0.6235,intermedia
Ricaurte,24,1,2,1853,1804,1706,955,6318,0.5633,intermedia
Ricaurte,25,1,2,1240,1046,1578,568,4432,0.6358,intermedia
Ricaurte,26,1,2,1579,1477,1832,570,5458,0.625,intermedia
Ricaurte,27,1,2,1554,1247,1974,697,5472,0.6447,intermedia
Ricaurte,28,1,2,1616,1555,1842,707,5720,0.6045,intermedia
Ricaurte,29,1,2,1520,1473,2496,934,6423,0.6253,intermedia
Ricaurte,30,1,2,1403,1450,1680,709,5242,0.5881,intermedia
Ricaurte,31,1,2,1182,1523,2156,847,5708,0.5848,intermedia
Ricaurte,32,1,2,1197,1162,1533,809,4701,0.5807,intermedia
Ricaurte,33,1,2,1399,1358,1937,810,5504,0.6061,intermedia
Ricaurte,34,1,2,1550,1334,1618,710,5212,0.6078,intermedia
Ricaurte,35,1,2,1597,1177,1943,762,5479,0.6461,intermedia
Ricaurte,36,1,2,1366,1401,1725,801,5293,0.584,intermedia
Ricaurte,37,1,2,1503,1397,2237,683,5820,0.6426,intermedia
Ricaurte,38,1,2,1721,1687,2175,1063,6646,0.5862,intermedia
Ricaurte,39,1,2,1952,1697,2239,991,6879,0.6092,intermedia
Ricaurte,40,1,2,1778,1660,2347,859,6644,0.6209,intermedia
Ricaurte,41,1,2,1322,1745,1756,605,5428,0.5671,intermedia
Ricaurte,42,1,2,1770,1535,1791,747,5843,0.6094,intermedia
Ricaurte,43,1,2,1279,1420,2106,873,5678,0.5962,intermedia
Ricaurte,44,1,2,1090,1093,1865,695,4743,0.623,intermedia
Ricaurte,45,1,2,1646,1440,1798,832,5716,0.6025,intermedia
Ricaurte,46,1,2,1755,1720,1867,624,5966,0.6071,intermedia
Ricaurte,47,1,2,1594,1100,1753,643,5090,0.6576,intermedia
Ricaurte,48,1,2,2264,1499,2163,791,6717,0.6591,intermedia
Ricaurte,49,1,2,1722,1363,2378,895,6358,0.6449,intermedia
Ricaurte,50,1,2,1651,1502,1790,872,5815,0.5917,intermedia
Ricaurte,51,1,2,1370,1462,1681,670,5183,0.5887,intermedia
Ricaurte,52,1,2,2057,1489,2473,795,6814,0.6648,intermedia
Ricaurte,53,1,2,1740,1356,2349,961,6406,0.6383,intermedia
Ricaurte,54,1,2,1650,1307,2431,793,6181,0.6602,intermedia
Ricaurte,55,1,2,1501,1097,1667,538,4803,0.6596,intermedia
Ricaurte,56,1,2,2220,1569,2181,840,6810,0.6463,intermedia
Ricaurte,57,1,2,1591,1592,1740,772,5695,0.5849,intermedia
Ricaurte,58,1,2,1509,1197,1564,741,5011,0.6133,intermedia
Ricaurte,59,1,2,1798,1614,2366,713,6491,0.6415,intermedia
Ricaurte,60,1,2,1666,1453,2377,732,6228,0.6492,intermedia
Tercer Milenio,1,2,3,6363,4429,4873,2037,17702,0.6347,transbordo
Tercer Milenio,2,2,3,4999,4648,4673,1836,16156,0.5987,transbordo
Tercer Milenio,3,2,3,5292,5332,4484,1996,17104,0.5716,transbordo
Tercer Milenio,4,2,3,4618,3958,4963,2007,15546,0.6163,transbordo
Tercer Milenio,5,2,3,4683,4716,4522,1700,15621,0.5893,transbordo
Tercer Milenio,6,2,3,7869,5105,5040,2505,20519,0.6291,transbordo
Tercer Milenio,7,2,3,4549,4287,5484,1729,16049,0.6251,transbordo
Tercer Milenio,8,2,3,5526,5764,5601,2195,19086,0.583,transbordo
Tercer Milenio,9,2,3,4867,5546,4790,2000,17203,0.5614,transbordo
Tercer Milenio,10,2,3,4514,4389,4650,2282,15835,0.5787,transbordo
Tercer Milenio,11,2,3,5791,6489,6004,2309,20593,0.5728,transbordo
Tercer Milenio,12,2,3,4456,5043,4671,1685,15855,0.5757,transbordo
Tercer Milenio,13,2,3,5295,4454,4487,1809,16045,0.6097,transbordo
Tercer Milenio,14,2,3,5077,5288,4532,2040,16937,0.5673,transbordo
Tercer Milenio,15,2,3,5340,5610,5007,2380,18337,0.5643,transbordo
Tercer Milenio,16,2,3,5464,4450,5521,1899,17334,0.6337,transbordo
Tercer Milenio,17,2,3,4241,4887,4108,2201,15437,0.5408,transbordo
Tercer Milenio,18,2,3,6040,4842,5520,2130,18532,0.6238,transbordo
Tercer Milenio,19,2,3,4345,4999,3801,1802,14947,0.545,transbordo
Tercer Milenio,20,2,3,5191,5454,5683,2405,18733,0.5805,transbordo
Tercer Milenio,21,2,3,4604,4382,4756,1514,15256,0.6135,transbordo
Tercer Milenio,22,2,3,4561,4571,4962,1800,15894,0.5992,transbordo
Tercer Milenio,23,2,3,6025,6909,6885,2843,22662,0.5697,transbordo
Tercer Milenio,24,2,3,4572,4776,5124,2018,16490,0.588,transbordo
Tercer Milenio,25,2,3,5695,4826,4705,2464,17690,0.5879,transbordo
Tercer Milenio,26,2,3,4075,5645,4277,1756,15753,0.5302,transbordo
Tercer Milenio,27,2,3,4950,5009,5943,2049,17951,0.6068,transbordo
Tercer Milenio,28,2,3,6428,7938,6214,2560,23140,0.5463,transbordo
Tercer Milenio,29,2,3,4657,4448,4579,2052,15736,0.5869,transbordo
Tercer Milenio,30,2,3,4035,3453,4925,1763,14176,0.6321,transbordo
Tercer Milenio,31,2,3,5053,5498,5055,2206,17812,0.5675,transbordo
Tercer Milenio,32,2,3,4944,4892,3924,2220,15980,0.5549,transbordo
Tercer Milenio,33,2,3,3860,4496,4153,1854,14363,0.5579,transbordo
Tercer Milenio,34,2,3,7067,6667,5612,2871,22217,0.5707,transbordo
Tercer Milenio,35,2,3,4602,5018,4377,1834,15831,0.5672,transbordo
Tercer Milenio,36,2,3,5580,3636,5334,2172,16722,0.6527,transbordo
Tercer Milenio,37,2,3,5336,4486,5409,2639,17870,0.6013,transbordo
Tercer Milenio,38,2,3,5267,4518,4303,1758,15846,0.6039,transbordo
Tercer Milenio,39,2,3,4368,4242,5611,1993,16214,0.6155,transbordo
Tercer Milenio,40,2,3,5537,5531,4386,1944,17398,0.5704,transbordo
Tercer Milenio,41,2,3,5952,4711,4914,1933,17510,0.6206,transbordo
Tercer Milenio,42,2,3,5609,5347,4885,2243,18084,0.5803,transbordo
Tercer Milenio,43,2,3,4726,5186,4593,2236,16741,0.5567,transbordo
Tercer Milenio,44,2,3,5036,5629,5247,2010,17922,0.5738,transbordo
Tercer Milenio,45,2,3,3855,4032,4611,2073,14571,0.581,transbordo
Tercer Milenio,46,2,3,4846,4850,4955,1992,16643,0.5889,transbordo
Tercer Milenio,47,2,3,6152,5189,5725,1750,18816,0.6312,transbordo
Tercer Milenio,48,2,3,5008,5198,4671,2165,17042,0.5679,transbordo
Tercer Milenio,49,2,3,5278,5356,5697,2417,18748,0.5854,transbordo
Tercer Milenio,50,2,3,5592,4475,5361,2306,17734,0.6176,transbordo
Tercer Milenio,51,2,3,5896,5427,5667,2245,19235,0.6011,transbordo
Tercer Milenio,52,2,3,4023,4192,3913,1553,13681,0.5801,transbordo
Tercer Milenio,53,2,3,4787,4921,4768,2022,16498,0.5792,transbordo
Tercer Milenio,54,2,3,5672,5724,4733,1578,17707,0.5876,transbordo
Tercer Milenio,55,2,3,5217,4640,4415,1712,15984,0.6026,transbordo
Tercer Milenio,56,2,3,5251,5583,5946,2336,19116,0.5857,transbordo
Tercer Milenio,57,2,3,6149,6711,6421,2329,21610,0.5817,transbordo
Tercer Milenio,58,2,3,4825,4512,5076,1887,16300,0.6074,transbordo
Tercer Milenio,59,2,3,5504,5525,5781,2254,19064,0.592,transbordo
Tercer Milenio,60,2,3,4806,4315,3741,1782,14644,0.5837,transbordo
Toberin,1,1,2,1853,1684,2326,886,6749,0.6192,intermedia
Toberin,2,1,2,1366,1364,1986,905,5621,0.5963,intermedia
Toberin,3,1,2,1539,1227,2409,692,5867,0.6729,intermedia
Toberin,4,1,2,1754,1570,2323,699,6346,0.6425,intermedia
Toberin,5,1,2,2003,1586,2243,774,6606,0.6427,intermedia
Toberin,6,1,2,1747,1587,2044,999,6377,0.5945,intermedia
Toberin,7,1,2,1672,1796,2083,923,6474,0.58,intermedia
Toberin,8,1,2,1582,1260,2138,673,5653,0.6581,intermedia
Toberin,9,1,2,1784,1361,2222,743,6110,0.6556,intermedia
Toberin,10,1,2,1570,1503,2251,945,6269,0.6095,intermedia
Toberin,11,1,2,1376,1247,1792,644,5059,0.6262,intermedia
Toberin,12,1,2,1545,1197,2132,677,5551,0.6624,intermedia
Toberin,13,1,2,1894,1302,2106,761,6063,0.6597,intermedia
Toberin,14,1,2,1611,1298,1950,872,5731,0.6214,intermedia
Toberin,15,1,2,1748,1396,2315,715,6174,0.6581,intermedia
Toberin,16,1,2,1727,1515,2434,1035,6711,0.62,intermedia
Toberin,17,1,2,1235,1183,1714,710,4842,0.609,intermedia
Toberin,18,1,2,1568,1519,2451,784,6322,0.6357,intermedia
Toberin,19,1,2,1039,1289,1726,665,4719,0.5859,intermedia
Toberin,20,1,2,1677,1263,1993,818,5751,0.6381,intermedia
Toberin,21,1,2,1692,1347,1655,859,5553,0.6027,intermedia
Toberin,22,1,2,1163,1251,1583,815,4812,0.5707,intermedia
Toberin,23,1,2,1661,1409,2648,842,6560,0.6569,intermedia
Toberin,24,1,2,1609,1110,1850,745,5314,0.6509,intermedia
Toberin,25,1,2,1412,1690,2462,717,6281,0.6168,intermedia
Toberin,26,1,2,1496,1428,2412,819,6155,0.6349,intermedia
Toberin,27,1,2,1539,1257,2349,714,5859,0.6636,intermedia
Toberin,28,1,2,1662,1553,2749,899,6863,0.6427,intermedia
Toberin,29,1,2,1364,1429,2352,775,5920,0.6277,intermedia
Toberin,30,1,2,1314,1289,2009,768,5380,0.6177,intermedia
Toberin,31,1,2,1623,1216,1837,765,5441,0.6359,intermedia
Toberin,32,1,2,1551,1653,1906,951,6061,0.5704,intermedia
Toberin,33,1,2,2244,1775,3087,956,8062,0.6613,intermedia
Toberin,34,1,2,1710,1662,2524,729,6625,0.6391,intermedia
Toberin,35,1,2,1767,997,2153,834,5751,0.6816,intermedia
Toberin,36,1,2,1622,1692,2259,653,6226,0.6234,intermedia
Toberin,37,1,2,1353,1322,1831,699,5205,0.6117,intermedia
Toberin,38,1,2,1270,1873,2701,965,6809,0.5832,intermedia
Toberin,39,1,2,1552,1494,2171,725,5942,0.6266,intermedia
Toberin,40,1,2,1523,1545,2200,744,6012,0.6193,intermedia
Toberin,41,1,2,1622,1348,2227,713,5910,0.6513,intermedia
Toberin,42,1,2,1852,1972,2283,955,7062,0.5855,intermedia
Toberin,43,1,2,1273,1288,1991,770,5322,0.6133,intermedia
Toberin,44,1,2,1664,1536,1880,746,5826,0.6083,intermedia
Toberin,45,1,2,1638,1236,2093,773,5740,0.65,intermedia
Toberin,46,1,2,1428,1451,1904,664,5447,0.6117,intermedia
Toberin,47,1,2,1439,1325,2249,576,5589,0.6599,intermedia
Toberin,48,1,2,1431,1685,2377,830,6323,0.6022,intermedia
Toberin,49,1,2,1701,1563,2173,836,6273,0.6176,intermedia
Toberin,50,1,2,1662,1641,2084,732,6119,0.6122,intermedia
Toberin,51,1,2,1425,1326,1964,689,5404,0.6271,intermedia
Toberin,52,1,2,1454,1408,1816,787,5465,0.5984,intermedia
Toberin,53,1,2,1733,1438,1984,718,5873,0.6329,intermedia
Toberin,54,1,2,1274,1232,1541,735,4782,0.5887,intermedia
Toberin,55,1,2,1216,1132,1941,782,5071,0.6226,intermedia
Toberin,56,1,2,1446,1335,2002,740,5523,0.6243,intermedia
Toberin,57,1,2,1710,1772,2429,1006,6917,0.5984,intermedia
Toberin,58,1,2,1544,1219,2428,755,5946,0.668,intermedia
Toberin,59,1,2,1358,1132,1546,672,4708,0.6168,intermedia
Toberin,60,1,2,1568,1291,2188,751,5798,0.6478,intermedia
